<?xml version="1.0" encoding="UTF-8" standalone="no"?>
<!--Created using Glyph Designer - http://71squared.com/glyphdesigner-->
<font>
    <info face="Graphik" size="80" bold="0" italic="0" charset="" unicode="0" stretchH="100" smooth="1" aa="1" padding="0,0,0,0" spacing="2,2"/>
    <common lineHeight="80" base="73" scaleW="387" scaleH="619" pages="1" packed="0"/>
    <pages>
        <page id="0" file="graphik.png"/>
    </pages>
    <chars count="95">
        <char id="32" x="37" y="605" width="0" height="0" xoffset="0" yoffset="66" xadvance="21" page="0" chnl="0" letter="space"/>
        <char id="33" x="346" y="396" width="12" height="59" xoffset="6" yoffset="7" xadvance="23" page="0" chnl="0" letter="!"/>
        <char id="34" x="227" y="563" width="22" height="21" xoffset="5" yoffset="7" xadvance="30" page="0" chnl="0" letter="&quot;"/>
        <char id="35" x="71" y="457" width="37" height="51" xoffset="2" yoffset="7" xadvance="40" page="0" chnl="0" letter="#"/>
        <char id="36" x="2" y="2" width="43" height="77" xoffset="4" yoffset="-0" xadvance="50" page="0" chnl="0" letter="$"/>
        <char id="37" x="272" y="81" width="59" height="60" xoffset="3" yoffset="7" xadvance="63" page="0" chnl="0" letter="%"/>
        <char id="38" x="172" y="150" width="49" height="60" xoffset="4" yoffset="7" xadvance="55" page="0" chnl="0" letter="&amp;"/>
        <char id="39" x="269" y="563" width="9" height="21" xoffset="5" yoffset="7" xadvance="17" page="0" chnl="0" letter="'"/>
        <char id="40" x="237" y="2" width="22" height="75" xoffset="4" yoffset="3" xadvance="26" page="0" chnl="0" letter="("/>
        <char id="41" x="261" y="2" width="22" height="75" xoffset="2" yoffset="3" xadvance="26" page="0" chnl="0" letter=")"/>
        <char id="42" x="123" y="563" width="29" height="28" xoffset="3" yoffset="5" xadvance="34" page="0" chnl="0" letter="*"/>
        <char id="43" x="2" y="563" width="37" height="40" xoffset="3" yoffset="18" xadvance="42" page="0" chnl="0" letter="+"/>
        <char id="44" x="251" y="563" width="16" height="21" xoffset="3" yoffset="55" xadvance="23" page="0" chnl="0" letter=","/>
        <char id="45" x="343" y="563" width="19" height="8" xoffset="5" yoffset="39" xadvance="27" page="0" chnl="0" letter="-"/>
        <char id="46" x="329" y="563" width="12" height="12" xoffset="6" yoffset="54" xadvance="23" page="0" chnl="0" letter="."/>
        <char id="47" x="47" y="2" width="31" height="76" xoffset="0" yoffset="2" xadvance="32" page="0" chnl="0" letter="/"/>
        <char id="48" x="223" y="150" width="46" height="60" xoffset="5" yoffset="7" xadvance="54" page="0" chnl="0" letter="0"/>
        <char id="49" x="323" y="396" width="21" height="59" xoffset="3" yoffset="7" xadvance="32" page="0" chnl="0" letter="1"/>
        <char id="50" x="177" y="212" width="40" height="60" xoffset="2" yoffset="6" xadvance="44" page="0" chnl="0" letter="2"/>
        <char id="51" x="2" y="212" width="42" height="60" xoffset="3" yoffset="7" xadvance="48" page="0" chnl="0" letter="3"/>
        <char id="52" x="50" y="335" width="45" height="59" xoffset="3" yoffset="7" xadvance="49" page="0" chnl="0" letter="4"/>
        <char id="53" x="219" y="212" width="40" height="60" xoffset="3" yoffset="7" xadvance="47" page="0" chnl="0" letter="5"/>
        <char id="54" x="46" y="212" width="42" height="60" xoffset="5" yoffset="7" xadvance="50" page="0" chnl="0" letter="6"/>
        <char id="55" x="130" y="396" width="39" height="59" xoffset="3" yoffset="7" xadvance="42" page="0" chnl="0" letter="7"/>
        <char id="56" x="134" y="212" width="41" height="60" xoffset="5" yoffset="7" xadvance="49" page="0" chnl="0" letter="8"/>
        <char id="57" x="90" y="212" width="42" height="60" xoffset="4" yoffset="7" xadvance="50" page="0" chnl="0" letter="9"/>
        <char id="58" x="109" y="563" width="12" height="36" xoffset="7" yoffset="30" xadvance="23" page="0" chnl="0" letter=":"/>
        <char id="59" x="311" y="457" width="17" height="45" xoffset="2" yoffset="31" xadvance="23" page="0" chnl="0" letter=";"/>
        <char id="60" x="41" y="563" width="32" height="38" xoffset="4" yoffset="20" xadvance="40" page="0" chnl="0" letter="&lt;"/>
        <char id="61" x="191" y="563" width="34" height="22" xoffset="3" yoffset="28" xadvance="39" page="0" chnl="0" letter="="/>
        <char id="62" x="75" y="563" width="32" height="38" xoffset="5" yoffset="20" xadvance="40" page="0" chnl="0" letter="&gt;"/>
        <char id="63" x="261" y="212" width="34" height="60" xoffset="3" yoffset="6" xadvance="39" page="0" chnl="0" letter="?"/>
        <char id="64" x="285" y="2" width="68" height="68" xoffset="4" yoffset="10" xadvance="73" page="0" chnl="0" letter="@"/>
        <char id="65" x="132" y="274" width="50" height="59" xoffset="3" yoffset="7" xadvance="54" page="0" chnl="0" letter="A"/>
        <char id="66" x="88" y="396" width="40" height="59" xoffset="7" yoffset="7" xadvance="50" page="0" chnl="0" letter="B"/>
        <char id="67" x="118" y="150" width="52" height="60" xoffset="4" yoffset="7" xadvance="58" page="0" chnl="0" letter="C"/>
        <char id="68" x="284" y="274" width="46" height="59" xoffset="7" yoffset="7" xadvance="56" page="0" chnl="0" letter="D"/>
        <char id="69" x="211" y="396" width="36" height="59" xoffset="7" yoffset="7" xadvance="45" page="0" chnl="0" letter="E"/>
        <char id="70" x="249" y="396" width="35" height="59" xoffset="7" yoffset="7" xadvance="44" page="0" chnl="0" letter="F"/>
        <char id="71" x="62" y="150" width="54" height="60" xoffset="4" yoffset="7" xadvance="61" page="0" chnl="0" letter="G"/>
        <char id="72" x="332" y="274" width="46" height="59" xoffset="7" yoffset="7" xadvance="58" page="0" chnl="0" letter="H"/>
        <char id="73" x="360" y="396" width="9" height="59" xoffset="8" yoffset="7" xadvance="22" page="0" chnl="0" letter="I"/>
        <char id="74" x="297" y="212" width="25" height="60" xoffset="3" yoffset="7" xadvance="34" page="0" chnl="0" letter="J"/>
        <char id="75" x="190" y="335" width="42" height="59" xoffset="7" yoffset="7" xadvance="49" page="0" chnl="0" letter="K"/>
        <char id="76" x="286" y="396" width="35" height="59" xoffset="7" yoffset="7" xadvance="43" page="0" chnl="0" letter="L"/>
        <char id="77" x="74" y="274" width="56" height="59" xoffset="7" yoffset="7" xadvance="68" page="0" chnl="0" letter="M"/>
        <char id="78" x="97" y="335" width="45" height="59" xoffset="7" yoffset="7" xadvance="58" page="0" chnl="0" letter="N"/>
        <char id="79" x="2" y="150" width="58" height="60" xoffset="4" yoffset="7" xadvance="65" page="0" chnl="0" letter="O"/>
        <char id="80" x="171" y="396" width="38" height="59" xoffset="7" yoffset="7" xadvance="46" page="0" chnl="0" letter="P"/>
        <char id="81" x="2" y="81" width="58" height="67" xoffset="4" yoffset="6" xadvance="65" page="0" chnl="0" letter="Q"/>
        <char id="82" x="234" y="335" width="42" height="59" xoffset="7" yoffset="7" xadvance="50" page="0" chnl="0" letter="R"/>
        <char id="83" x="317" y="150" width="43" height="60" xoffset="4" yoffset="7" xadvance="50" page="0" chnl="0" letter="S"/>
        <char id="84" x="278" y="335" width="42" height="59" xoffset="2" yoffset="7" xadvance="45" page="0" chnl="0" letter="T"/>
        <char id="85" x="271" y="150" width="44" height="60" xoffset="7" yoffset="7" xadvance="56" page="0" chnl="0" letter="U"/>
        <char id="86" x="184" y="274" width="49" height="59" xoffset="2" yoffset="7" xadvance="52" page="0" chnl="0" letter="V"/>
        <char id="87" x="2" y="274" width="70" height="59" xoffset="3" yoffset="7" xadvance="74" page="0" chnl="0" letter="W"/>
        <char id="88" x="235" y="274" width="47" height="59" xoffset="4" yoffset="7" xadvance="53" page="0" chnl="0" letter="X"/>
        <char id="89" x="2" y="335" width="46" height="59" xoffset="2" yoffset="7" xadvance="48" page="0" chnl="0" letter="Y"/>
        <char id="90" x="144" y="335" width="44" height="59" xoffset="2" yoffset="7" xadvance="48" page="0" chnl="0" letter="Z"/>
        <char id="91" x="167" y="2" width="20" height="76" xoffset="7" yoffset="2" xadvance="28" page="0" chnl="0" letter="["/>
        <char id="92" x="80" y="2" width="31" height="76" xoffset="2" yoffset="2" xadvance="32" page="0" chnl="0" letter="\"/>
        <char id="93" x="189" y="2" width="20" height="76" xoffset="4" yoffset="2" xadvance="28" page="0" chnl="0" letter="]"/>
        <char id="94" x="154" y="563" width="35" height="26" xoffset="4" yoffset="7" xadvance="41" page="0" chnl="0" letter="^"/>
        <char id="95" x="2" y="605" width="33" height="7" xoffset="0" yoffset="72" xadvance="32" page="0" chnl="0" letter="_"/>
        <char id="96" x="280" y="563" width="15" height="13" xoffset="6" yoffset="4" xadvance="32" page="0" chnl="0" letter="`"/>
        <char id="97" x="239" y="457" width="35" height="45" xoffset="3" yoffset="22" xadvance="43" page="0" chnl="0" letter="a"/>
        <char id="98" x="62" y="81" width="41" height="64" xoffset="7" yoffset="3" xadvance="50" page="0" chnl="0" letter="b"/>
        <char id="99" x="155" y="457" width="40" height="45" xoffset="4" yoffset="22" xadvance="46" page="0" chnl="0" letter="c"/>
        <char id="100" x="105" y="81" width="41" height="64" xoffset="4" yoffset="3" xadvance="50" page="0" chnl="0" letter="d"/>
        <char id="101" x="197" y="457" width="40" height="45" xoffset="4" yoffset="22" xadvance="45" page="0" chnl="0" letter="e"/>
        <char id="102" x="148" y="81" width="25" height="64" xoffset="2" yoffset="2" xadvance="28" page="0" chnl="0" letter="f"/>
        <char id="103" x="322" y="335" width="41" height="59" xoffset="4" yoffset="22" xadvance="50" page="0" chnl="0" letter="g"/>
        <char id="104" x="175" y="81" width="36" height="63" xoffset="7" yoffset="3" xadvance="48" page="0" chnl="0" letter="h"/>
        <char id="105" x="260" y="81" width="10" height="61" xoffset="6" yoffset="5" xadvance="20" page="0" chnl="0" letter="i"/>
        <char id="106" x="211" y="2" width="15" height="76" xoffset="1" yoffset="5" xadvance="20" page="0" chnl="0" letter="j"/>
        <char id="107" x="213" y="81" width="35" height="63" xoffset="7" yoffset="3" xadvance="41" page="0" chnl="0" letter="k"/>
        <char id="108" x="250" y="81" width="8" height="63" xoffset="7" yoffset="3" xadvance="20" page="0" chnl="0" letter="l"/>
        <char id="109" x="2" y="517" width="61" height="44" xoffset="7" yoffset="22" xadvance="73" page="0" chnl="0" letter="m"/>
        <char id="110" x="65" y="517" width="36" height="44" xoffset="7" yoffset="22" xadvance="48" page="0" chnl="0" letter="n"/>
        <char id="111" x="110" y="457" width="43" height="45" xoffset="4" yoffset="22" xadvance="48" page="0" chnl="0" letter="o"/>
        <char id="112" x="2" y="396" width="41" height="59" xoffset="7" yoffset="22" xadvance="50" page="0" chnl="0" letter="p"/>
        <char id="113" x="45" y="396" width="41" height="59" xoffset="4" yoffset="22" xadvance="50" page="0" chnl="0" letter="q"/>
        <char id="114" x="141" y="517" width="22" height="44" xoffset="7" yoffset="22" xadvance="30" page="0" chnl="0" letter="r"/>
        <char id="115" x="276" y="457" width="33" height="45" xoffset="3" yoffset="22" xadvance="38" page="0" chnl="0" letter="s"/>
        <char id="116" x="44" y="457" width="25" height="54" xoffset="2" yoffset="13" xadvance="28" page="0" chnl="0" letter="t"/>
        <char id="117" x="103" y="517" width="36" height="44" xoffset="6" yoffset="23" xadvance="48" page="0" chnl="0" letter="u"/>
        <char id="118" x="228" y="517" width="40" height="43" xoffset="2" yoffset="23" xadvance="43" page="0" chnl="0" letter="v"/>
        <char id="119" x="165" y="517" width="61" height="43" xoffset="2" yoffset="23" xadvance="64" page="0" chnl="0" letter="w"/>
        <char id="120" x="270" y="517" width="39" height="43" xoffset="2" yoffset="23" xadvance="42" page="0" chnl="0" letter="x"/>
        <char id="121" x="2" y="457" width="40" height="58" xoffset="2" yoffset="23" xadvance="42" page="0" chnl="0" letter="y"/>
        <char id="122" x="311" y="517" width="37" height="43" xoffset="2" yoffset="23" xadvance="39" page="0" chnl="0" letter="z"/>
        <char id="123" x="113" y="2" width="25" height="76" xoffset="3" yoffset="2" xadvance="30" page="0" chnl="0" letter="{"/>
        <char id="124" x="228" y="2" width="7" height="76" xoffset="7" yoffset="2" xadvance="20" page="0" chnl="0" letter="|"/>
        <char id="125" x="140" y="2" width="25" height="76" xoffset="4" yoffset="2" xadvance="30" page="0" chnl="0" letter="}"/>
        <char id="126" x="297" y="563" width="30" height="12" xoffset="4" yoffset="36" xadvance="36" page="0" chnl="0" letter="~"/>
    </chars>
    <kernings count="0"/>
</font>