<?xml version="1.0" encoding="UTF-8" standalone="no"?>
<!--Created using Glyph Designer - http://71squared.com/glyphdesigner-->
<font>
    <info face="Retina Narrow" size="72" bold="0" italic="0" charset="" unicode="0" stretchH="100" smooth="1" aa="1" padding="0,0,0,0" spacing="2,2"/>
    <common lineHeight="72" base="72" scaleW="326" scaleH="528" pages="1" packed="0"/>
    <pages>
        <page id="0" file="retina.png"/>
    </pages>
    <chars count="95">
        <char id="32" x="238" y="499" width="0" height="0" xoffset="0" yoffset="58" xadvance="11" page="0" chnl="0" letter="space"/>
        <char id="33" x="242" y="353" width="11" height="52" xoffset="4" yoffset="6" xadvance="17" page="0" chnl="0" letter="!"/>
        <char id="34" x="34" y="499" width="26" height="22" xoffset="2" yoffset="6" xadvance="28" page="0" chnl="0" letter="&quot;"/>
        <char id="35" x="43" y="135" width="38" height="53" xoffset="2" yoffset="5" xadvance="41" page="0" chnl="0" letter="#"/>
        <char id="36" x="72" y="2" width="33" height="65" xoffset="2" yoffset="-0" xadvance="35" page="0" chnl="0" letter="$"/>
        <char id="37" x="67" y="72" width="41" height="54" xoffset="2" yoffset="5" xadvance="44" page="0" chnl="0" letter="%"/>
        <char id="38" x="269" y="72" width="40" height="53" xoffset="2" yoffset="6" xadvance="41" page="0" chnl="0" letter="&amp;"/>
        <char id="39" x="62" y="499" width="15" height="22" xoffset="2" yoffset="6" xadvance="16" page="0" chnl="0" letter="'"/>
        <char id="40" x="170" y="2" width="22" height="63" xoffset="3" yoffset="4" xadvance="24" page="0" chnl="0" letter="("/>
        <char id="41" x="194" y="2" width="22" height="63" xoffset="1" yoffset="4" xadvance="24" page="0" chnl="0" letter=")"/>
        <char id="42" x="95" y="499" width="20" height="19" xoffset="2" yoffset="6" xadvance="22" page="0" chnl="0" letter="*"/>
        <char id="43" x="258" y="458" width="31" height="31" xoffset="3" yoffset="16" xadvance="35" page="0" chnl="0" letter="+"/>
        <char id="44" x="79" y="499" width="14" height="22" xoffset="-1" yoffset="46" xadvance="13" page="0" chnl="0" letter=","/>
        <char id="45" x="182" y="499" width="19" height="9" xoffset="2" yoffset="31" xadvance="22" page="0" chnl="0" letter="-"/>
        <char id="46" x="151" y="499" width="10" height="12" xoffset="2" yoffset="46" xadvance="13" page="0" chnl="0" letter="."/>
        <char id="47" x="2" y="2" width="28" height="68" xoffset="-1" yoffset="-1" xadvance="25" page="0" chnl="0" letter="/"/>
        <char id="48" x="121" y="135" width="35" height="53" xoffset="3" yoffset="6" xadvance="39" page="0" chnl="0" letter="0"/>
        <char id="49" x="220" y="353" width="20" height="52" xoffset="2" yoffset="6" xadvance="26" page="0" chnl="0" letter="1"/>
        <char id="50" x="2" y="190" width="32" height="53" xoffset="2" yoffset="5" xadvance="34" page="0" chnl="0" letter="2"/>
        <char id="51" x="36" y="190" width="31" height="53" xoffset="2" yoffset="6" xadvance="34" page="0" chnl="0" letter="3"/>
        <char id="52" x="154" y="299" width="35" height="52" xoffset="2" yoffset="6" xadvance="37" page="0" chnl="0" letter="4"/>
        <char id="53" x="69" y="190" width="31" height="53" xoffset="3" yoffset="6" xadvance="35" page="0" chnl="0" letter="5"/>
        <char id="54" x="110" y="72" width="32" height="54" xoffset="3" yoffset="5" xadvance="35" page="0" chnl="0" letter="6"/>
        <char id="55" x="102" y="190" width="31" height="53" xoffset="2" yoffset="6" xadvance="33" page="0" chnl="0" letter="7"/>
        <char id="56" x="231" y="135" width="33" height="53" xoffset="3" yoffset="6" xadvance="37" page="0" chnl="0" letter="8"/>
        <char id="57" x="144" y="72" width="32" height="54" xoffset="2" yoffset="5" xadvance="35" page="0" chnl="0" letter="9"/>
        <char id="58" x="182" y="458" width="10" height="39" xoffset="3" yoffset="19" xadvance="14" page="0" chnl="0" letter=":"/>
        <char id="59" x="27" y="407" width="14" height="49" xoffset="-1" yoffset="19" xadvance="14" page="0" chnl="0" letter=";"/>
        <char id="60" x="194" y="458" width="30" height="34" xoffset="3" yoffset="15" xadvance="35" page="0" chnl="0" letter="&lt;"/>
        <char id="61" x="2" y="499" width="30" height="22" xoffset="3" yoffset="21" xadvance="35" page="0" chnl="0" letter="="/>
        <char id="62" x="226" y="458" width="30" height="34" xoffset="4" yoffset="15" xadvance="35" page="0" chnl="0" letter="&gt;"/>
        <char id="63" x="135" y="190" width="30" height="53" xoffset="1" yoffset="5" xadvance="32" page="0" chnl="0" letter="?"/>
        <char id="64" x="125" y="2" width="43" height="64" xoffset="3" yoffset="5" xadvance="46" page="0" chnl="0" letter="@"/>
        <char id="65" x="55" y="245" width="41" height="52" xoffset="1" yoffset="6" xadvance="42" page="0" chnl="0" letter="A"/>
        <char id="66" x="191" y="299" width="34" height="52" xoffset="4" yoffset="6" xadvance="39" page="0" chnl="0" letter="B"/>
        <char id="67" x="266" y="135" width="33" height="53" xoffset="3" yoffset="6" xadvance="35" page="0" chnl="0" letter="C"/>
        <char id="68" x="261" y="245" width="36" height="52" xoffset="4" yoffset="6" xadvance="42" page="0" chnl="0" letter="D"/>
        <char id="69" x="2" y="353" width="31" height="52" xoffset="4" yoffset="6" xadvance="36" page="0" chnl="0" letter="E"/>
        <char id="70" x="35" y="353" width="30" height="52" xoffset="4" yoffset="6" xadvance="34" page="0" chnl="0" letter="F"/>
        <char id="71" x="83" y="135" width="36" height="53" xoffset="3" yoffset="6" xadvance="41" page="0" chnl="0" letter="G"/>
        <char id="72" x="2" y="299" width="36" height="52" xoffset="4" yoffset="6" xadvance="43" page="0" chnl="0" letter="H"/>
        <char id="73" x="255" y="353" width="11" height="52" xoffset="5" yoffset="6" xadvance="18" page="0" chnl="0" letter="I"/>
        <char id="74" x="193" y="353" width="25" height="52" xoffset="1" yoffset="7" xadvance="29" page="0" chnl="0" letter="J"/>
        <char id="75" x="40" y="299" width="36" height="52" xoffset="4" yoffset="6" xadvance="39" page="0" chnl="0" letter="K"/>
        <char id="76" x="163" y="353" width="28" height="52" xoffset="4" yoffset="6" xadvance="32" page="0" chnl="0" letter="L"/>
        <char id="77" x="2" y="245" width="51" height="52" xoffset="4" yoffset="6" xadvance="56" page="0" chnl="0" letter="M"/>
        <char id="78" x="78" y="299" width="36" height="52" xoffset="4" yoffset="6" xadvance="43" page="0" chnl="0" letter="N"/>
        <char id="79" x="2" y="135" width="39" height="53" xoffset="3" yoffset="6" xadvance="43" page="0" chnl="0" letter="O"/>
        <char id="80" x="227" y="299" width="33" height="52" xoffset="4" yoffset="6" xadvance="37" page="0" chnl="0" letter="P"/>
        <char id="81" x="24" y="72" width="41" height="58" xoffset="3" yoffset="5" xadvance="43" page="0" chnl="0" letter="Q"/>
        <char id="82" x="222" y="245" width="37" height="52" xoffset="4" yoffset="6" xadvance="40" page="0" chnl="0" letter="R"/>
        <char id="83" x="195" y="135" width="34" height="53" xoffset="2" yoffset="6" xadvance="36" page="0" chnl="0" letter="S"/>
        <char id="84" x="116" y="299" width="36" height="52" xoffset="1" yoffset="6" xadvance="37" page="0" chnl="0" letter="T"/>
        <char id="85" x="158" y="135" width="35" height="53" xoffset="4" yoffset="6" xadvance="42" page="0" chnl="0" letter="U"/>
        <char id="86" x="98" y="245" width="40" height="52" xoffset="1" yoffset="6" xadvance="41" page="0" chnl="0" letter="V"/>
        <char id="87" x="242" y="190" width="59" height="52" xoffset="1" yoffset="6" xadvance="61" page="0" chnl="0" letter="W"/>
        <char id="88" x="140" y="245" width="39" height="52" xoffset="1" yoffset="6" xadvance="39" page="0" chnl="0" letter="X"/>
        <char id="89" x="181" y="245" width="39" height="52" xoffset="1" yoffset="6" xadvance="39" page="0" chnl="0" letter="Y"/>
        <char id="90" x="262" y="299" width="33" height="52" xoffset="2" yoffset="6" xadvance="36" page="0" chnl="0" letter="Z"/>
        <char id="91" x="284" y="2" width="20" height="61" xoffset="5" yoffset="5" xadvance="25" page="0" chnl="0" letter="["/>
        <char id="92" x="32" y="2" width="28" height="68" xoffset="-1" yoffset="-1" xadvance="25" page="0" chnl="0" letter="\"/>
        <char id="93" x="2" y="72" width="20" height="61" xoffset="2" yoffset="5" xadvance="25" page="0" chnl="0" letter="]"/>
        <char id="94" x="291" y="458" width="31" height="23" xoffset="3" yoffset="4" xadvance="35" page="0" chnl="0" letter="^"/>
        <char id="95" x="203" y="499" width="33" height="5" xoffset="0" yoffset="60" xadvance="31" page="0" chnl="0" letter="_"/>
        <char id="96" x="163" y="499" width="17" height="10" xoffset="7" yoffset="7" xadvance="36" page="0" chnl="0" letter="`"/>
        <char id="97" x="76" y="407" width="30" height="40" xoffset="2" yoffset="19" xadvance="33" page="0" chnl="0" letter="a"/>
        <char id="98" x="178" y="72" width="30" height="54" xoffset="4" yoffset="5" xadvance="34" page="0" chnl="0" letter="b"/>
        <char id="99" x="169" y="407" width="25" height="40" xoffset="2" yoffset="19" xadvance="28" page="0" chnl="0" letter="c"/>
        <char id="100" x="210" y="72" width="30" height="54" xoffset="2" yoffset="5" xadvance="34" page="0" chnl="0" letter="d"/>
        <char id="101" x="108" y="407" width="30" height="40" xoffset="2" yoffset="19" xadvance="32" page="0" chnl="0" letter="e"/>
        <char id="102" x="242" y="72" width="25" height="54" xoffset="1" yoffset="4" xadvance="23" page="0" chnl="0" letter="f"/>
        <char id="103" x="67" y="353" width="30" height="52" xoffset="2" yoffset="19" xadvance="34" page="0" chnl="0" letter="g"/>
        <char id="104" x="199" y="190" width="29" height="53" xoffset="4" yoffset="5" xadvance="35" page="0" chnl="0" letter="h"/>
        <char id="105" x="268" y="353" width="10" height="52" xoffset="4" yoffset="6" xadvance="16" page="0" chnl="0" letter="i"/>
        <char id="106" x="107" y="2" width="16" height="65" xoffset="-2" yoffset="6" xadvance="16" page="0" chnl="0" letter="j"/>
        <char id="107" x="167" y="190" width="30" height="53" xoffset="4" yoffset="5" xadvance="32" page="0" chnl="0" letter="k"/>
        <char id="108" x="230" y="190" width="10" height="53" xoffset="4" yoffset="5" xadvance="16" page="0" chnl="0" letter="l"/>
        <char id="109" x="196" y="407" width="48" height="39" xoffset="4" yoffset="19" xadvance="53" page="0" chnl="0" letter="m"/>
        <char id="110" x="69" y="458" width="29" height="39" xoffset="4" yoffset="19" xadvance="35" page="0" chnl="0" letter="n"/>
        <char id="111" x="43" y="407" width="31" height="40" xoffset="2" yoffset="19" xadvance="33" page="0" chnl="0" letter="o"/>
        <char id="112" x="99" y="353" width="30" height="52" xoffset="4" yoffset="18" xadvance="34" page="0" chnl="0" letter="p"/>
        <char id="113" x="131" y="353" width="30" height="52" xoffset="2" yoffset="18" xadvance="34" page="0" chnl="0" letter="q"/>
        <char id="114" x="160" y="458" width="20" height="39" xoffset="4" yoffset="19" xadvance="24" page="0" chnl="0" letter="r"/>
        <char id="115" x="140" y="407" width="27" height="40" xoffset="2" yoffset="19" xadvance="29" page="0" chnl="0" letter="s"/>
        <char id="116" x="2" y="407" width="23" height="49" xoffset="1" yoffset="10" xadvance="24" page="0" chnl="0" letter="t"/>
        <char id="117" x="100" y="458" width="29" height="39" xoffset="4" yoffset="20" xadvance="35" page="0" chnl="0" letter="u"/>
        <char id="118" x="2" y="458" width="32" height="39" xoffset="1" yoffset="19" xadvance="32" page="0" chnl="0" letter="v"/>
        <char id="119" x="246" y="407" width="48" height="39" xoffset="1" yoffset="19" xadvance="49" page="0" chnl="0" letter="w"/>
        <char id="120" x="36" y="458" width="31" height="39" xoffset="1" yoffset="19" xadvance="31" page="0" chnl="0" letter="x"/>
        <char id="121" x="280" y="353" width="32" height="51" xoffset="1" yoffset="20" xadvance="32" page="0" chnl="0" letter="y"/>
        <char id="122" x="131" y="458" width="27" height="39" xoffset="2" yoffset="19" xadvance="30" page="0" chnl="0" letter="z"/>
        <char id="123" x="218" y="2" width="31" height="62" xoffset="2" yoffset="4" xadvance="33" page="0" chnl="0" letter="{"/>
        <char id="124" x="62" y="2" width="8" height="68" xoffset="6" yoffset="-1" xadvance="19" page="0" chnl="0" letter="|"/>
        <char id="125" x="251" y="2" width="31" height="62" xoffset="2" yoffset="4" xadvance="33" page="0" chnl="0" letter="}"/>
        <char id="126" x="117" y="499" width="32" height="14" xoffset="3" yoffset="24" xadvance="35" page="0" chnl="0" letter="~"/>
    </chars>
    <kernings count="453">
        <kerning first="87" second="101" amount="-1"/>
        <kerning first="89" second="46" amount="-4"/>
        <kerning first="89" second="48" amount="-1"/>
        <kerning first="98" second="89" amount="-3"/>
        <kerning first="98" second="49" amount="-1"/>
        <kerning first="99" second="84" amount="-1"/>
        <kerning first="44" second="121" amount="-1"/>
        <kerning first="123" second="71" amount="-1"/>
        <kerning first="76" second="86" amount="-4"/>
        <kerning first="104" second="89" amount="-3"/>
        <kerning first="104" second="49" amount="-1"/>
        <kerning first="67" second="45" amount="-1"/>
        <kerning first="58" second="65" amount="1"/>
        <kerning first="84" second="114" amount="-2"/>
        <kerning first="86" second="120" amount="-1"/>
        <kerning first="67" second="43" amount="-1"/>
        <kerning first="70" second="122" amount="-1"/>
        <kerning first="89" second="86" amount="-1"/>
        <kerning first="75" second="111" amount="-1"/>
        <kerning first="70" second="71" amount="-1"/>
        <kerning first="101" second="86" amount="-1"/>
        <kerning first="44" second="84" amount="-4"/>
        <kerning first="76" second="71" amount="-1"/>
        <kerning first="79" second="88" amount="-1"/>
        <kerning first="80" second="43" amount="1"/>
        <kerning first="86" second="45" amount="-2"/>
        <kerning first="84" second="99" amount="-4"/>
        <kerning first="87" second="100" amount="-1"/>
        <kerning first="88" second="111" amount="-1"/>
        <kerning first="86" second="43" amount="-1"/>
        <kerning first="89" second="122" amount="-2"/>
        <kerning first="68" second="55" amount="-1"/>
        <kerning first="102" second="41" amount="2"/>
        <kerning first="89" second="71" amount="-1"/>
        <kerning first="68" second="47" amount="-1"/>
        <kerning first="84" second="113" amount="-4"/>
        <kerning first="70" second="121" amount="-1"/>
        <kerning first="123" second="106" amount="3"/>
        <kerning first="75" second="59" amount="1"/>
        <kerning first="76" second="121" amount="-2"/>
        <kerning first="81" second="47" amount="3"/>
        <kerning first="44" second="43" amount="-1"/>
        <kerning first="87" second="47" amount="-2"/>
        <kerning first="82" second="59" amount="1"/>
        <kerning first="64" second="74" amount="-1"/>
        <kerning first="87" second="115" amount="-1"/>
        <kerning first="89" second="121" amount="-2"/>
        <kerning first="84" second="52" amount="-3"/>
        <kerning first="98" second="87" amount="-1"/>
        <kerning first="75" second="89" amount="-1"/>
        <kerning first="76" second="84" amount="-4"/>
        <kerning first="102" second="57" amount="1"/>
        <kerning first="102" second="65" amount="-1"/>
        <kerning first="104" second="87" amount="-1"/>
        <kerning first="84" second="112" amount="-2"/>
        <kerning first="82" second="89" amount="-1"/>
        <kerning first="83" second="84" amount="-1"/>
        <kerning first="70" second="120" amount="-1"/>
        <kerning first="84" second="64" amount="-3"/>
        <kerning first="88" second="89" amount="-1"/>
        <kerning first="91" second="71" amount="-1"/>
        <kerning first="87" second="54" amount="-1"/>
        <kerning first="86" second="67" amount="-1"/>
        <kerning first="58" second="47" amount="1"/>
        <kerning first="75" second="58" amount="1"/>
        <kerning first="79" second="93" amount="-1"/>
        <kerning first="45" second="41" amount="-2"/>
        <kerning first="101" second="84" amount="-3"/>
        <kerning first="80" second="119" amount="1"/>
        <kerning first="79" second="86" amount="-1"/>
        <kerning first="82" second="58" amount="1"/>
        <kerning first="65" second="63" amount="-2"/>
        <kerning first="70" second="45" amount="-1"/>
        <kerning first="84" second="97" amount="-4"/>
        <kerning first="86" second="103" amount="-2"/>
        <kerning first="89" second="120" amount="-2"/>
        <kerning first="98" second="93" amount="-1"/>
        <kerning first="76" second="45" amount="-2"/>
        <kerning first="70" second="43" amount="-1"/>
        <kerning first="98" second="86" amount="-2"/>
        <kerning first="76" second="43" amount="-3"/>
        <kerning first="104" second="86" amount="-1"/>
        <kerning first="56" second="89" amount="-1"/>
        <kerning first="89" second="45" amount="-3"/>
        <kerning first="84" second="111" amount="-4"/>
        <kerning first="84" second="38" amount="-3"/>
        <kerning first="97" second="63" amount="-2"/>
        <kerning first="87" second="99" amount="-1"/>
        <kerning first="84" second="32" amount="-1"/>
        <kerning first="89" second="43" amount="-2"/>
        <kerning first="101" second="45" amount="1"/>
        <kerning first="75" second="44" amount="1"/>
        <kerning first="103" second="63" amount="-1"/>
        <kerning first="44" second="119" amount="-1"/>
        <kerning first="80" second="118" amount="1"/>
        <kerning first="82" second="44" amount="2"/>
        <kerning first="80" second="102" amount="1"/>
        <kerning first="45" second="65" amount="-1"/>
        <kerning first="65" second="59" amount="1"/>
        <kerning first="91" second="106" amount="3"/>
        <kerning first="84" second="74" amount="-4"/>
        <kerning first="87" second="113" amount="-1"/>
        <kerning first="123" second="67" amount="-1"/>
        <kerning first="102" second="55" amount="1"/>
        <kerning first="84" second="59" amount="-1"/>
        <kerning first="84" second="110" amount="-2"/>
        <kerning first="90" second="47" amount="1"/>
        <kerning first="80" second="65" amount="-2"/>
        <kerning first="65" second="89" amount="-4"/>
        <kerning first="65" second="49" amount="-2"/>
        <kerning first="86" second="81" amount="-1"/>
        <kerning first="87" second="52" amount="-1"/>
        <kerning first="86" second="65" amount="-3"/>
        <kerning first="102" second="47" amount="-1"/>
        <kerning first="75" second="46" amount="1"/>
        <kerning first="70" second="67" amount="-1"/>
        <kerning first="44" second="118" amount="-3"/>
        <kerning first="44" second="102" amount="-1"/>
        <kerning first="75" second="48" amount="-1"/>
        <kerning first="76" second="67" amount="-1"/>
        <kerning first="82" second="46" amount="1"/>
        <kerning first="79" second="84" amount="-1"/>
        <kerning first="65" second="58" amount="1"/>
        <kerning first="86" second="117" amount="-1"/>
        <kerning first="86" second="101" amount="-2"/>
        <kerning first="70" second="103" amount="-1"/>
        <kerning first="89" second="83" amount="-1"/>
        <kerning first="89" second="67" amount="-1"/>
        <kerning first="87" second="64" amount="-1"/>
        <kerning first="88" second="48" amount="-1"/>
        <kerning first="97" second="49" amount="-1"/>
        <kerning first="97" second="89" amount="-3"/>
        <kerning first="76" second="119" amount="-1"/>
        <kerning first="98" second="84" amount="-3"/>
        <kerning first="103" second="89" amount="-2"/>
        <kerning first="104" second="84" amount="-2"/>
        <kerning first="44" second="57" amount="-3"/>
        <kerning first="44" second="65" amount="1"/>
        <kerning first="84" second="58" amount="-1"/>
        <kerning first="68" second="63" amount="-1"/>
        <kerning first="87" second="97" amount="-1"/>
        <kerning first="88" second="86" amount="-1"/>
        <kerning first="89" second="103" amount="-4"/>
        <kerning first="89" second="119" amount="-2"/>
        <kerning first="123" second="118" amount="-1"/>
        <kerning first="52" second="89" amount="-1"/>
        <kerning first="75" second="71" amount="-1"/>
        <kerning first="52" second="49" amount="-1"/>
        <kerning first="80" second="116" amount="1"/>
        <kerning first="81" second="63" amount="-1"/>
        <kerning first="45" second="55" amount="-1"/>
        <kerning first="65" second="44" amount="1"/>
        <kerning first="68" second="125" amount="-1"/>
        <kerning first="86" second="100" amount="-2"/>
        <kerning first="87" second="111" amount="-1"/>
        <kerning first="70" second="118" amount="-1"/>
        <kerning first="68" second="74" amount="-1"/>
        <kerning first="101" second="41" amount="-1"/>
        <kerning first="88" second="71" amount="-1"/>
        <kerning first="87" second="38" amount="-1"/>
        <kerning first="123" second="81" amount="-1"/>
        <kerning first="76" second="118" amount="-2"/>
        <kerning first="74" second="74" amount="-1"/>
        <kerning first="67" second="47" amount="1"/>
        <kerning first="84" second="44" amount="-4"/>
        <kerning first="65" second="87" amount="-2"/>
        <kerning first="89" second="118" amount="-2"/>
        <kerning first="87" second="74" amount="-2"/>
        <kerning first="86" second="79" amount="-1"/>
        <kerning first="91" second="67" amount="-1"/>
        <kerning first="89" second="102" amount="-1"/>
        <kerning first="123" second="101" amount="-1"/>
        <kerning first="75" second="121" amount="-1"/>
        <kerning first="80" second="47" amount="-2"/>
        <kerning first="70" second="65" amount="-3"/>
        <kerning first="70" second="81" amount="-1"/>
        <kerning first="44" second="116" amount="-1"/>
        <kerning first="76" second="57" amount="-2"/>
        <kerning first="86" second="47" amount="-3"/>
        <kerning first="81" second="59" amount="2"/>
        <kerning first="76" second="81" amount="-1"/>
        <kerning first="38" second="74" amount="1"/>
        <kerning first="65" second="46" amount="1"/>
        <kerning first="84" second="109" amount="-2"/>
        <kerning first="86" second="115" amount="-2"/>
        <kerning first="88" second="121" amount="-1"/>
        <kerning first="99" second="47" amount="1"/>
        <kerning first="70" second="117" amount="-1"/>
        <kerning first="68" second="89" amount="-2"/>
        <kerning first="70" second="101" amount="-1"/>
        <kerning first="89" second="81" amount="-1"/>
        <kerning first="97" second="87" amount="-1"/>
        <kerning first="90" second="52" amount="-1"/>
        <kerning first="89" second="65" amount="-4"/>
        <kerning first="102" second="52" amount="-1"/>
        <kerning first="58" second="74" amount="1"/>
        <kerning first="84" second="46" amount="-4"/>
        <kerning first="81" second="89" amount="-1"/>
        <kerning first="65" second="86" amount="-3"/>
        <kerning first="84" second="48" amount="-1"/>
        <kerning first="86" second="54" amount="-1"/>
        <kerning first="89" second="101" amount="-4"/>
        <kerning first="89" second="117" amount="-2"/>
        <kerning first="123" second="100" amount="-1"/>
        <kerning first="102" second="33" amount="1"/>
        <kerning first="38" second="89" amount="-2"/>
        <kerning first="64" second="84" amount="1"/>
        <kerning first="91" second="118" amount="-1"/>
        <kerning first="86" second="114" amount="-1"/>
        <kerning first="75" second="45" amount="-2"/>
        <kerning first="68" second="88" amount="-1"/>
        <kerning first="70" second="100" amount="-1"/>
        <kerning first="71" second="63" amount="-1"/>
        <kerning first="89" second="56" amount="-1"/>
        <kerning first="97" second="86" amount="-1"/>
        <kerning first="65" second="71" amount="-1"/>
        <kerning first="123" second="79" amount="-1"/>
        <kerning first="76" second="116" amount="-1"/>
        <kerning first="75" second="43" amount="-3"/>
        <kerning first="102" second="51" amount="1"/>
        <kerning first="103" second="86" amount="-1"/>
        <kerning first="58" second="89" amount="-1"/>
        <kerning first="88" second="45" amount="-2"/>
        <kerning first="84" second="122" amount="-2"/>
        <kerning first="81" second="88" amount="-1"/>
        <kerning first="65" second="85" amount="-1"/>
        <kerning first="84" second="71" amount="-1"/>
        <kerning first="86" second="99" amount="-2"/>
        <kerning first="89" second="100" amount="-4"/>
        <kerning first="91" second="81" amount="-1"/>
        <kerning first="89" second="116" amount="-1"/>
        <kerning first="88" second="43" amount="-2"/>
        <kerning first="98" second="41" amount="-1"/>
        <kerning first="70" second="79" amount="-1"/>
        <kerning first="102" second="63" amount="2"/>
        <kerning first="76" second="79" amount="-1"/>
        <kerning first="81" second="44" amount="2"/>
        <kerning first="65" second="121" amount="-1"/>
        <kerning first="70" second="47" amount="-3"/>
        <kerning first="86" second="113" amount="-2"/>
        <kerning first="87" second="44" amount="-2"/>
        <kerning first="91" second="101" amount="-1"/>
        <kerning first="70" second="115" amount="-1"/>
        <kerning first="76" second="47" amount="1"/>
        <kerning first="102" second="125" amount="3"/>
        <kerning first="89" second="79" amount="-1"/>
        <kerning first="102" second="50" amount="1"/>
        <kerning first="102" second="74" amount="-1"/>
        <kerning first="84" second="121" amount="-3"/>
        <kerning first="89" second="47" amount="-3"/>
        <kerning first="79" second="65" amount="-1"/>
        <kerning first="65" second="84" amount="-3"/>
        <kerning first="86" second="52" amount="-2"/>
        <kerning first="89" second="115" amount="-4"/>
        <kerning first="85" second="65" amount="-1"/>
        <kerning first="71" second="89" amount="-1"/>
        <kerning first="71" second="49" amount="-1"/>
        <kerning first="102" second="59" amount="1"/>
        <kerning first="52" second="39" amount="-1"/>
        <kerning first="75" second="67" amount="-1"/>
        <kerning first="38" second="87" amount="-1"/>
        <kerning first="68" second="93" amount="-1"/>
        <kerning first="86" second="112" amount="-1"/>
        <kerning first="87" second="46" amount="-2"/>
        <kerning first="91" second="100" amount="-1"/>
        <kerning first="70" second="114" amount="-1"/>
        <kerning first="68" second="86" amount="-1"/>
        <kerning first="86" second="64" amount="-2"/>
        <kerning first="89" second="54" amount="-2"/>
        <kerning first="97" second="84" amount="-2"/>
        <kerning first="88" second="67" amount="-1"/>
        <kerning first="123" second="99" amount="-1"/>
        <kerning first="75" second="119" amount="-1"/>
        <kerning first="45" second="63" amount="-2"/>
        <kerning first="102" second="49" amount="2"/>
        <kerning first="103" second="84" amount="-2"/>
        <kerning first="65" second="45" amount="-1"/>
        <kerning first="84" second="120" amount="-3"/>
        <kerning first="81" second="86" amount="-1"/>
        <kerning first="65" second="43" amount="-1"/>
        <kerning first="86" second="97" amount="-2"/>
        <kerning first="88" second="103" amount="-1"/>
        <kerning first="91" second="79" amount="-1"/>
        <kerning first="89" second="114" amount="-2"/>
        <kerning first="88" second="119" amount="-1"/>
        <kerning first="123" second="113" amount="-1"/>
        <kerning first="70" second="99" amount="-1"/>
        <kerning first="102" second="58" amount="1"/>
        <kerning first="52" second="34" amount="-1"/>
        <kerning first="52" second="84" amount="-1"/>
        <kerning first="84" second="45" amount="-3"/>
        <kerning first="45" second="74" amount="-1"/>
        <kerning first="38" second="86" amount="-1"/>
        <kerning first="86" second="111" amount="-2"/>
        <kerning first="84" second="43" amount="-3"/>
        <kerning first="70" second="113" amount="-1"/>
        <kerning first="86" second="38" amount="-2"/>
        <kerning first="89" second="99" amount="-4"/>
        <kerning first="123" second="52" amount="-1"/>
        <kerning first="75" second="118" amount="-1"/>
        <kerning first="58" second="86" amount="-1"/>
        <kerning first="80" second="74" amount="-4"/>
        <kerning first="88" second="118" amount="-1"/>
        <kerning first="86" second="74" amount="-3"/>
        <kerning first="89" second="113" amount="-4"/>
        <kerning first="70" second="52" amount="-1"/>
        <kerning first="79" second="47" amount="-1"/>
        <kerning first="102" second="44" amount="-2"/>
        <kerning first="44" second="63" amount="-3"/>
        <kerning first="75" second="81" amount="-1"/>
        <kerning first="80" second="59" amount="1"/>
        <kerning first="75" second="57" amount="-1"/>
        <kerning first="45" second="89" amount="-3"/>
        <kerning first="45" second="49" amount="-1"/>
        <kerning first="64" second="118" amount="1"/>
        <kerning first="86" second="59" amount="-1"/>
        <kerning first="86" second="110" amount="-1"/>
        <kerning first="65" second="67" amount="-1"/>
        <kerning first="70" second="112" amount="-1"/>
        <kerning first="68" second="84" amount="-1"/>
        <kerning first="88" second="57" amount="-1"/>
        <kerning first="89" second="52" amount="-3"/>
        <kerning first="88" second="81" amount="-1"/>
        <kerning first="70" second="64" amount="-2"/>
        <kerning first="75" second="101" amount="-1"/>
        <kerning first="44" second="74" amount="1"/>
        <kerning first="81" second="106" amount="1"/>
        <kerning first="81" second="84" amount="-1"/>
        <kerning first="65" second="119" amount="-1"/>
        <kerning first="64" second="65" amount="-1"/>
        <kerning first="91" second="99" amount="-1"/>
        <kerning first="84" second="67" amount="-1"/>
        <kerning first="88" second="101" amount="-1"/>
        <kerning first="89" second="112" amount="-2"/>
        <kerning first="84" second="83" amount="-1"/>
        <kerning first="86" second="89" amount="-1"/>
        <kerning first="123" second="111" amount="-1"/>
        <kerning first="70" second="97" amount="-2"/>
        <kerning first="89" second="64" amount="-3"/>
        <kerning first="99" second="89" amount="-1"/>
        <kerning first="102" second="46" amount="-2"/>
        <kerning first="80" second="58" amount="1"/>
        <kerning first="102" second="48" amount="1"/>
        <kerning first="45" second="88" amount="-2"/>
        <kerning first="38" second="84" amount="-2"/>
        <kerning first="84" second="119" amount="-2"/>
        <kerning first="84" second="103" amount="-4"/>
        <kerning first="86" second="58" amount="-1"/>
        <kerning first="91" second="113" amount="-1"/>
        <kerning first="70" second="111" amount="-1"/>
        <kerning first="89" second="97" amount="-4"/>
        <kerning first="102" second="93" amount="3"/>
        <kerning first="75" second="116" amount="-1"/>
        <kerning first="76" second="63" amount="-3"/>
        <kerning first="70" second="38" amount="-1"/>
        <kerning first="44" second="89" amount="-4"/>
        <kerning first="58" second="84" amount="-1"/>
        <kerning first="44" second="49" amount="-3"/>
        <kerning first="87" second="45" amount="-1"/>
        <kerning first="80" second="88" amount="-1"/>
        <kerning first="76" second="32" amount="-1"/>
        <kerning first="65" second="118" amount="-1"/>
        <kerning first="91" second="52" amount="-1"/>
        <kerning first="86" second="88" amount="-1"/>
        <kerning first="88" second="100" amount="-1"/>
        <kerning first="89" second="111" amount="-4"/>
        <kerning first="88" second="116" amount="-1"/>
        <kerning first="70" second="74" amount="-5"/>
        <kerning first="101" second="63" amount="-2"/>
        <kerning first="89" second="38" amount="-3"/>
        <kerning first="75" second="79" amount="-1"/>
        <kerning first="80" second="44" amount="-3"/>
        <kerning first="45" second="87" amount="-1"/>
        <kerning first="64" second="116" amount="1"/>
        <kerning first="69" second="47" amount="1"/>
        <kerning first="84" second="118" amount="-3"/>
        <kerning first="86" second="44" amount="-3"/>
        <kerning first="65" second="81" amount="-1"/>
        <kerning first="65" second="57" amount="-2"/>
        <kerning first="70" second="110" amount="-1"/>
        <kerning first="75" second="47" amount="2"/>
        <kerning first="88" second="79" amount="-1"/>
        <kerning first="89" second="74" amount="-4"/>
        <kerning first="76" second="59" amount="1"/>
        <kerning first="82" second="47" amount="2"/>
        <kerning first="88" second="47" amount="1"/>
        <kerning first="84" second="81" amount="-1"/>
        <kerning first="89" second="59" amount="-1"/>
        <kerning first="89" second="110" amount="-2"/>
        <kerning first="84" second="65" amount="-3"/>
        <kerning first="86" second="109" amount="-1"/>
        <kerning first="71" second="84" amount="-1"/>
        <kerning first="75" second="54" amount="-1"/>
        <kerning first="76" second="49" amount="-3"/>
        <kerning first="80" second="46" amount="-3"/>
        <kerning first="76" second="89" amount="-5"/>
        <kerning first="45" second="86" amount="-2"/>
        <kerning first="84" second="117" amount="-2"/>
        <kerning first="86" second="46" amount="-3"/>
        <kerning first="91" second="111" amount="-1"/>
        <kerning first="84" second="101" amount="-4"/>
        <kerning first="89" second="89" amount="-1"/>
        <kerning first="88" second="54" amount="-1"/>
        <kerning first="76" second="58" amount="1"/>
        <kerning first="101" second="89" amount="-3"/>
        <kerning first="101" second="49" amount="-1"/>
        <kerning first="44" second="87" amount="-2"/>
        <kerning first="65" second="116" amount="-1"/>
        <kerning first="87" second="103" amount="-1"/>
        <kerning first="89" second="58" amount="-1"/>
        <kerning first="75" second="99" amount="-1"/>
        <kerning first="79" second="63" amount="-1"/>
        <kerning first="84" second="116" amount="-1"/>
        <kerning first="84" second="100" amount="-4"/>
        <kerning first="90" second="45" amount="-1"/>
        <kerning first="86" second="122" amount="-1"/>
        <kerning first="65" second="79" amount="-1"/>
        <kerning first="70" second="44" amount="-3"/>
        <kerning first="86" second="71" amount="-1"/>
        <kerning first="89" second="88" amount="-1"/>
        <kerning first="88" second="99" amount="-1"/>
        <kerning first="98" second="63" amount="-2"/>
        <kerning first="79" second="125" amount="-1"/>
        <kerning first="76" second="44" amount="1"/>
        <kerning first="104" second="63" amount="-1"/>
        <kerning first="65" second="47" amount="1"/>
        <kerning first="44" second="86" amount="-3"/>
        <kerning first="79" second="74" amount="-1"/>
        <kerning first="84" second="79" amount="-1"/>
        <kerning first="89" second="44" amount="-4"/>
        <kerning first="85" second="74" amount="-1"/>
        <kerning first="88" second="113" amount="-1"/>
        <kerning first="98" second="125" amount="-1"/>
        <kerning first="70" second="109" amount="-1"/>
        <kerning first="68" second="65" amount="-1"/>
        <kerning first="74" second="65" amount="-1"/>
        <kerning first="80" second="121" amount="1"/>
        <kerning first="76" second="87" amount="-2"/>
        <kerning first="75" second="52" amount="-1"/>
        <kerning first="45" second="84" amount="-3"/>
        <kerning first="84" second="47" amount="-3"/>
        <kerning first="84" second="115" amount="-4"/>
        <kerning first="86" second="121" amount="-1"/>
        <kerning first="70" second="46" amount="-3"/>
        <kerning first="89" second="109" amount="-2"/>
        <kerning first="88" second="52" amount="-1"/>
        <kerning first="87" second="65" amount="-2"/>
        <kerning first="76" second="46" amount="1"/>
        <kerning first="101" second="87" amount="-1"/>
        <kerning first="45" second="120" amount="-1"/>
        <kerning first="53" second="74" amount="-1"/>
        <kerning first="79" second="89" amount="-1"/>
        <kerning first="84" second="54" amount="-2"/>
    </kernings>
</font>