<?xml version="1.0" encoding="UTF-8" standalone="no"?>
<!--Created using Glyph Designer - http://71squared.com/glyphdesigner-->
<font>
    <info face="VCR OSD Mono" size="24" bold="0" italic="0" charset="" unicode="0" stretchH="100" smooth="1" aa="1" padding="0,0,0,0" spacing="2,2"/>
    <common lineHeight="21" base="23" scaleW="141" scaleH="192" pages="1" packed="0"/>
    <pages>
        <page id="0" file="vcr.png"/>
    </pages>
    <chars count="95">
        <char id="32" x="63" y="176" width="0" height="0" xoffset="0" yoffset="22" xadvance="14" page="0" chnl="0" letter="space"/>
        <char id="33" x="2" y="124" width="4" height="18" xoffset="5" yoffset="3" xadvance="14" page="0" chnl="0" letter="!"/>
        <char id="34" x="126" y="160" width="11" height="6" xoffset="2" yoffset="3" xadvance="14" page="0" chnl="0" letter="&quot;"/>
        <char id="35" x="14" y="124" width="13" height="17" xoffset="1" yoffset="3" xadvance="14" page="0" chnl="0" letter="#"/>
        <char id="36" x="122" y="2" width="13" height="18" xoffset="1" yoffset="3" xadvance="14" page="0" chnl="0" letter="$"/>
        <char id="37" x="2" y="24" width="13" height="18" xoffset="1" yoffset="3" xadvance="14" page="0" chnl="0" letter="%"/>
        <char id="38" x="2" y="2" width="13" height="20" xoffset="1" yoffset="1" xadvance="14" page="0" chnl="0" letter="&amp;"/>
        <char id="39" x="10" y="176" width="5" height="6" xoffset="5" yoffset="3" xadvance="14" page="0" chnl="0" letter="'"/>
        <char id="40" x="61" y="2" width="7" height="20" xoffset="4" yoffset="1" xadvance="14" page="0" chnl="0" letter="("/>
        <char id="41" x="70" y="2" width="7" height="20" xoffset="5" yoffset="1" xadvance="14" page="0" chnl="0" letter=")"/>
        <char id="42" x="68" y="160" width="11" height="12" xoffset="2" yoffset="2" xadvance="14" page="0" chnl="0" letter="*"/>
        <char id="43" x="47" y="160" width="13" height="13" xoffset="1" yoffset="5" xadvance="14" page="0" chnl="0" letter="+"/>
        <char id="44" x="2" y="176" width="6" height="6" xoffset="4" yoffset="15" xadvance="14" page="0" chnl="0" letter=","/>
        <char id="45" x="44" y="176" width="11" height="4" xoffset="2" yoffset="10" xadvance="14" page="0" chnl="0" letter="-"/>
        <char id="46" x="57" y="176" width="4" height="4" xoffset="5" yoffset="17" xadvance="14" page="0" chnl="0" letter="."/>
        <char id="47" x="17" y="24" width="13" height="18" xoffset="1" yoffset="3" xadvance="14" page="0" chnl="0" letter="/"/>
        <char id="48" x="32" y="24" width="13" height="18" xoffset="1" yoffset="3" xadvance="14" page="0" chnl="0" letter="0"/>
        <char id="49" x="105" y="104" width="9" height="18" xoffset="4" yoffset="3" xadvance="14" page="0" chnl="0" letter="1"/>
        <char id="50" x="47" y="24" width="13" height="18" xoffset="1" yoffset="3" xadvance="14" page="0" chnl="0" letter="2"/>
        <char id="51" x="62" y="24" width="13" height="18" xoffset="1" yoffset="3" xadvance="14" page="0" chnl="0" letter="3"/>
        <char id="52" x="77" y="24" width="13" height="18" xoffset="1" yoffset="3" xadvance="14" page="0" chnl="0" letter="4"/>
        <char id="53" x="92" y="24" width="13" height="18" xoffset="1" yoffset="3" xadvance="14" page="0" chnl="0" letter="5"/>
        <char id="54" x="107" y="24" width="13" height="18" xoffset="1" yoffset="3" xadvance="14" page="0" chnl="0" letter="6"/>
        <char id="55" x="122" y="24" width="13" height="18" xoffset="1" yoffset="3" xadvance="14" page="0" chnl="0" letter="7"/>
        <char id="56" x="2" y="44" width="13" height="18" xoffset="1" yoffset="3" xadvance="14" page="0" chnl="0" letter="8"/>
        <char id="57" x="17" y="44" width="13" height="18" xoffset="1" yoffset="3" xadvance="14" page="0" chnl="0" letter="9"/>
        <char id="58" x="62" y="160" width="4" height="13" xoffset="5" yoffset="5" xadvance="14" page="0" chnl="0" letter=":"/>
        <char id="59" x="130" y="124" width="6" height="16" xoffset="2" yoffset="5" xadvance="14" page="0" chnl="0" letter=";"/>
        <char id="60" x="85" y="2" width="11" height="19" xoffset="2" yoffset="2" xadvance="14" page="0" chnl="0" letter="&lt;"/>
        <char id="61" x="81" y="160" width="13" height="9" xoffset="1" yoffset="7" xadvance="14" page="0" chnl="0" letter="="/>
        <char id="62" x="98" y="2" width="11" height="19" xoffset="2" yoffset="2" xadvance="14" page="0" chnl="0" letter="&gt;"/>
        <char id="63" x="32" y="44" width="13" height="18" xoffset="1" yoffset="3" xadvance="14" page="0" chnl="0" letter="?"/>
        <char id="64" x="40" y="124" width="13" height="16" xoffset="1" yoffset="4" xadvance="14" page="0" chnl="0" letter="@"/>
        <char id="65" x="47" y="44" width="13" height="18" xoffset="1" yoffset="3" xadvance="14" page="0" chnl="0" letter="A"/>
        <char id="66" x="62" y="44" width="13" height="18" xoffset="1" yoffset="3" xadvance="14" page="0" chnl="0" letter="B"/>
        <char id="67" x="77" y="44" width="13" height="18" xoffset="1" yoffset="3" xadvance="14" page="0" chnl="0" letter="C"/>
        <char id="68" x="92" y="44" width="13" height="18" xoffset="1" yoffset="3" xadvance="14" page="0" chnl="0" letter="D"/>
        <char id="69" x="107" y="44" width="13" height="18" xoffset="1" yoffset="3" xadvance="14" page="0" chnl="0" letter="E"/>
        <char id="70" x="122" y="44" width="13" height="18" xoffset="1" yoffset="3" xadvance="14" page="0" chnl="0" letter="F"/>
        <char id="71" x="2" y="64" width="13" height="18" xoffset="1" yoffset="3" xadvance="14" page="0" chnl="0" letter="G"/>
        <char id="72" x="17" y="64" width="13" height="18" xoffset="1" yoffset="3" xadvance="14" page="0" chnl="0" letter="H"/>
        <char id="73" x="116" y="104" width="9" height="18" xoffset="4" yoffset="3" xadvance="14" page="0" chnl="0" letter="I"/>
        <char id="74" x="32" y="64" width="13" height="18" xoffset="1" yoffset="3" xadvance="14" page="0" chnl="0" letter="J"/>
        <char id="75" x="47" y="64" width="13" height="18" xoffset="1" yoffset="3" xadvance="14" page="0" chnl="0" letter="K"/>
        <char id="76" x="62" y="64" width="13" height="18" xoffset="1" yoffset="3" xadvance="14" page="0" chnl="0" letter="L"/>
        <char id="77" x="77" y="64" width="13" height="18" xoffset="1" yoffset="3" xadvance="14" page="0" chnl="0" letter="M"/>
        <char id="78" x="92" y="64" width="13" height="18" xoffset="1" yoffset="3" xadvance="14" page="0" chnl="0" letter="N"/>
        <char id="79" x="107" y="64" width="13" height="18" xoffset="1" yoffset="3" xadvance="14" page="0" chnl="0" letter="O"/>
        <char id="80" x="122" y="64" width="13" height="18" xoffset="1" yoffset="3" xadvance="14" page="0" chnl="0" letter="P"/>
        <char id="81" x="2" y="84" width="13" height="18" xoffset="1" yoffset="3" xadvance="14" page="0" chnl="0" letter="Q"/>
        <char id="82" x="17" y="84" width="13" height="18" xoffset="1" yoffset="3" xadvance="14" page="0" chnl="0" letter="R"/>
        <char id="83" x="32" y="84" width="13" height="18" xoffset="1" yoffset="3" xadvance="14" page="0" chnl="0" letter="S"/>
        <char id="84" x="47" y="84" width="13" height="18" xoffset="1" yoffset="3" xadvance="14" page="0" chnl="0" letter="T"/>
        <char id="85" x="62" y="84" width="13" height="18" xoffset="1" yoffset="3" xadvance="14" page="0" chnl="0" letter="U"/>
        <char id="86" x="77" y="84" width="13" height="18" xoffset="1" yoffset="3" xadvance="14" page="0" chnl="0" letter="V"/>
        <char id="87" x="92" y="84" width="13" height="18" xoffset="1" yoffset="3" xadvance="14" page="0" chnl="0" letter="W"/>
        <char id="88" x="107" y="84" width="13" height="18" xoffset="1" yoffset="3" xadvance="14" page="0" chnl="0" letter="X"/>
        <char id="89" x="122" y="84" width="13" height="18" xoffset="1" yoffset="3" xadvance="14" page="0" chnl="0" letter="Y"/>
        <char id="90" x="2" y="104" width="13" height="18" xoffset="1" yoffset="3" xadvance="14" page="0" chnl="0" letter="Z"/>
        <char id="91" x="17" y="2" width="9" height="20" xoffset="5" yoffset="1" xadvance="14" page="0" chnl="0" letter="["/>
        <char id="92" x="17" y="104" width="13" height="18" xoffset="1" yoffset="3" xadvance="14" page="0" chnl="0" letter="\"/>
        <char id="93" x="28" y="2" width="9" height="20" xoffset="2" yoffset="1" xadvance="14" page="0" chnl="0" letter="]"/>
        <char id="94" x="96" y="160" width="13" height="7" xoffset="1" yoffset="3" xadvance="14" page="0" chnl="0" letter="^"/>
        <char id="95" x="26" y="176" width="16" height="4" xoffset="0" yoffset="18" xadvance="14" page="0" chnl="0" letter="_"/>
        <char id="96" x="17" y="176" width="7" height="5" xoffset="4" yoffset="3" xadvance="14" page="0" chnl="0" letter="`"/>
        <char id="97" x="55" y="124" width="13" height="16" xoffset="1" yoffset="5" xadvance="14" page="0" chnl="0" letter="a"/>
        <char id="98" x="32" y="104" width="13" height="18" xoffset="1" yoffset="3" xadvance="14" page="0" chnl="0" letter="b"/>
        <char id="99" x="2" y="144" width="13" height="14" xoffset="1" yoffset="7" xadvance="14" page="0" chnl="0" letter="c"/>
        <char id="100" x="47" y="104" width="13" height="18" xoffset="1" yoffset="3" xadvance="14" page="0" chnl="0" letter="d"/>
        <char id="101" x="17" y="144" width="13" height="14" xoffset="1" yoffset="7" xadvance="14" page="0" chnl="0" letter="e"/>
        <char id="102" x="92" y="104" width="11" height="18" xoffset="2" yoffset="3" xadvance="14" page="0" chnl="0" letter="f"/>
        <char id="103" x="70" y="124" width="13" height="16" xoffset="1" yoffset="5" xadvance="14" page="0" chnl="0" letter="g"/>
        <char id="104" x="62" y="104" width="13" height="18" xoffset="1" yoffset="3" xadvance="14" page="0" chnl="0" letter="h"/>
        <char id="105" x="29" y="124" width="9" height="17" xoffset="4" yoffset="4" xadvance="14" page="0" chnl="0" letter="i"/>
        <char id="106" x="111" y="2" width="9" height="19" xoffset="4" yoffset="2" xadvance="14" page="0" chnl="0" letter="j"/>
        <char id="107" x="77" y="104" width="13" height="18" xoffset="1" yoffset="3" xadvance="14" page="0" chnl="0" letter="k"/>
        <char id="108" x="8" y="124" width="4" height="18" xoffset="6" yoffset="3" xadvance="14" page="0" chnl="0" letter="l"/>
        <char id="109" x="32" y="144" width="13" height="14" xoffset="1" yoffset="7" xadvance="14" page="0" chnl="0" letter="m"/>
        <char id="110" x="47" y="144" width="13" height="14" xoffset="1" yoffset="7" xadvance="14" page="0" chnl="0" letter="n"/>
        <char id="111" x="62" y="144" width="13" height="14" xoffset="1" yoffset="7" xadvance="14" page="0" chnl="0" letter="o"/>
        <char id="112" x="85" y="124" width="13" height="16" xoffset="1" yoffset="5" xadvance="14" page="0" chnl="0" letter="p"/>
        <char id="113" x="100" y="124" width="13" height="16" xoffset="1" yoffset="5" xadvance="14" page="0" chnl="0" letter="q"/>
        <char id="114" x="77" y="144" width="13" height="14" xoffset="1" yoffset="7" xadvance="14" page="0" chnl="0" letter="r"/>
        <char id="115" x="92" y="144" width="13" height="14" xoffset="1" yoffset="7" xadvance="14" page="0" chnl="0" letter="s"/>
        <char id="116" x="127" y="104" width="9" height="18" xoffset="4" yoffset="3" xadvance="14" page="0" chnl="0" letter="t"/>
        <char id="117" x="107" y="144" width="13" height="14" xoffset="1" yoffset="7" xadvance="14" page="0" chnl="0" letter="u"/>
        <char id="118" x="122" y="144" width="13" height="14" xoffset="1" yoffset="7" xadvance="14" page="0" chnl="0" letter="v"/>
        <char id="119" x="2" y="160" width="13" height="14" xoffset="1" yoffset="7" xadvance="14" page="0" chnl="0" letter="w"/>
        <char id="120" x="17" y="160" width="13" height="14" xoffset="1" yoffset="7" xadvance="14" page="0" chnl="0" letter="x"/>
        <char id="121" x="115" y="124" width="13" height="16" xoffset="1" yoffset="5" xadvance="14" page="0" chnl="0" letter="y"/>
        <char id="122" x="32" y="160" width="13" height="14" xoffset="1" yoffset="7" xadvance="14" page="0" chnl="0" letter="z"/>
        <char id="123" x="39" y="2" width="9" height="20" xoffset="4" yoffset="1" xadvance="14" page="0" chnl="0" letter="{"/>
        <char id="124" x="79" y="2" width="4" height="20" xoffset="6" yoffset="1" xadvance="14" page="0" chnl="0" letter="|"/>
        <char id="125" x="50" y="2" width="9" height="20" xoffset="4" yoffset="1" xadvance="14" page="0" chnl="0" letter="}"/>
        <char id="126" x="111" y="160" width="13" height="6" xoffset="1" yoffset="9" xadvance="14" page="0" chnl="0" letter="~"/>
    </chars>
    <kernings count="0"/>
</font>